id,title,description,availability,condition,price,link,image_link,brand,google_product_category,fb_product_category,quantity_to_sell_on_facebook,sale_price,sale_price_effective_date,gender,color,size,age_group,material,pattern,shipping,shipping_weight,gtin,video.url,video.tag,product_tags,product_tags,style,availability
1,Alize Gold Passion,"Mauris enim leo, rhoncus sed, vestibulum sit amet, cursus id, turpis. Integer aliquet, massa id lobortis convallis, tortor risus dapibus augue, vel accumsan tellus nisi eu orci. Mauris lacinia sapien quis libero.

Nullam sit amet turpis elementum ligula vehicula consequat. Morbi a ipsum. Integer a nibh.

In quis justo. Maecenas rhoncus aliquam lacus. Morbi quis tortor id nulla ultrices aliquet.",FALSE,Refurbished,689.67,https://cafepress.com/pede/venenatis/non/sodales/sed/tincidunt.js?malesuada=nunc&in=commodo&imperdiet=placerat&et=praesent&commodo=blandit&vulputate=nam&justo=nulla&in=integer&blandit=pede&ultrices=justo&enim=lacinia&lorem=eget&ipsum=tincidunt&dolor=eget&sit=tempus&amet=vel&consectetuer=pede&adipiscing=morbi&elit=porttitor&proin=lorem&interdum=id&mauris=ligula&non=suspendisse&ligula=ornare&pellentesque=consequat&ultrices=lectus&phasellus=in&id=est&sapien=risus&in=auctor&sapien=sed&iaculis=tristique&congue=in&vivamus=tempus&metus=sit&arcu=amet&adipiscing=sem&molestie=fusce&hendrerit=consequat&at=nulla&vulputate=nisl&vitae=nunc&nisl=nisl&aenean=duis&lectus=bibendum&pellentesque=felis&eget=sed&nunc=interdum&donec=venenatis&quis=turpis&orci=enim&eget=blandit&orci=mi&vehicula=in&condimentum=porttitor&curabitur=pede&in=justo&libero=eu&ut=massa&massa=donec&volutpat=dapibus&convallis=duis&morbi=at&odio=velit&odio=eu&elementum=est&eu=congue&interdum=elementum&eu=in&tincidunt=hac&in=habitasse&leo=platea&maecenas=dictumst&pulvinar=morbi&lobortis=vestibulum&est=velit&phasellus=id&sit=pretium&amet=iaculis&erat=diam&nulla=erat&tempus=fermentum&vivamus=justo&in=nec&felis=condimentum,http://fastcompany.com/viverra/dapibus.png?elementum=nisi&pellentesque=nam&quisque=ultrices&porta=libero&volutpat=non&erat=mattis&quisque=pulvinar&erat=nulla&eros=pede&viverra=ullamcorper&eget=augue&congue=a&eget=suscipit&semper=nulla&rutrum=elit&nulla=ac&nunc=nulla&purus=sed&phasellus=vel&in=enim&felis=sit&donec=amet&semper=nunc&sapien=viverra&a=dapibus&libero=nulla&nam=suscipit&dui=ligula&proin=in&leo=lacus,Browsezoom,Electronics,Home & Garden,637,316.6,08 10 2024,Male,Purple,Large,Kids,Polyester,Striped,FALSE,1.77,50062218115585811305984727210869070654,http://facebook.com/pede/justo/eu/massa/donec/dapibus.jpg?massa=mi&id=sit&nisl=amet&venenatis=lobortis&lacinia=sapien&aenean=sapien&sit=non&amet=mi&justo=integer&morbi=ac&ut=neque&odio=duis&cras=bibendum&mi=morbi&pede=non&malesuada=quam&in=nec&imperdiet=dui&et=luctus&commodo=rutrum&vulputate=nulla&justo=tellus&in=in&blandit=sagittis&ultrices=dui&enim=vel&lorem=nisl&ipsum=duis&dolor=ac&sit=nibh&amet=fusce&consectetuer=lacus&adipiscing=purus&elit=aliquet&proin=at&interdum=feugiat&mauris=non&non=pretium&ligula=quis&pellentesque=lectus&ultrices=suspendisse&phasellus=potenti&id=in&sapien=eleifend&in=quam&sapien=a&iaculis=odio&congue=in&vivamus=hac&metus=habitasse&arcu=platea&adipiscing=dictumst&molestie=maecenas&hendrerit=ut&at=massa&vulputate=quis&vitae=augue&nisl=luctus&aenean=tincidunt&lectus=nulla&pellentesque=mollis&eget=molestie&nunc=lorem&donec=quisque&quis=ut&orci=erat&eget=curabitur&orci=gravida&vehicula=nisi&condimentum=at&curabitur=nibh&in=in&libero=hac&ut=habitasse&massa=platea&volutpat=dictumst&convallis=aliquam&morbi=augue&odio=quam&odio=sollicitudin&elementum=vitae&eu=consectetuer&interdum=eget&eu=rutrum&tincidunt=at&in=lorem&leo=integer&maecenas=tincidunt&pulvinar=ante&lobortis=vel&est=ipsum&phasellus=praesent&sit=blandit&amet=lacinia&erat=erat&nulla=vestibulum&tempus=sed&vivamus=magna&in=at&felis=nunc,[],"[""Popular""]","[""Popular""]",[],1
2,Apple - Northern Spy,"Duis bibendum, felis sed interdum venenatis, turpis enim blandit mi, in porttitor pede justo eu massa. Donec dapibus. Duis at velit eu est congue elementum.",FALSE,New,429.78,https://xrea.com/augue/quam/sollicitudin/vitae/consectetuer.png?dapibus=sed&at=vestibulum&diam=sit&nam=amet&tristique=cursus&tortor=id,https://miibeian.gov.cn/tellus/in.js?lacus=eget&purus=massa&aliquet=tempor&at=convallis&feugiat=nulla&non=neque&pretium=libero&quis=convallis&lectus=eget&suspendisse=eleifend&potenti=luctus&in=ultricies&eleifend=eu&quam=nibh&a=quisque&odio=id&in=justo&hac=sit&habitasse=amet&platea=sapien&dictumst=dignissim&maecenas=vestibulum&ut=vestibulum&massa=ante&quis=ipsum&augue=primis&luctus=in&tincidunt=faucibus&nulla=orci&mollis=luctus&molestie=et&lorem=ultrices&quisque=posuere&ut=cubilia&erat=curae&curabitur=nulla&gravida=dapibus&nisi=dolor&at=vel&nibh=est&in=donec&hac=odio&habitasse=justo&platea=sollicitudin&dictumst=ut&aliquam=suscipit&augue=a&quam=feugiat&sollicitudin=et&vitae=eros&consectetuer=vestibulum&eget=ac&rutrum=est&at=lacinia&lorem=nisi&integer=venenatis&tincidunt=tristique&ante=fusce&vel=congue&ipsum=diam&praesent=id&blandit=ornare,Tanoodle,Electronics,Electronics,443,535.16,1/20/2025,Female,Turquoise,Medium,Elderly,Polyester,Striped,FALSE,1.95,19418591659134849562253406999319493092,https://ucoz.com/justo/sollicitudin/ut/suscipit/a.html?nulla=vivamus&eget=in&eros=felis&elementum=eu&pellentesque=sapien&quisque=cursus&porta=vestibulum&volutpat=proin&erat=eu&quisque=mi&erat=nulla&eros=ac&viverra=enim&eget=in&congue=tempor&eget=turpis&semper=nec&rutrum=euismod&nulla=scelerisque&nunc=quam&purus=turpis&phasellus=adipiscing&in=lorem&felis=vitae&donec=mattis&semper=nibh&sapien=ligula&a=nec&libero=sem&nam=duis&dui=aliquam&proin=convallis&leo=nunc&odio=proin&porttitor=at&id=turpis&consequat=a&in=pede&consequat=posuere&ut=nonummy&nulla=integer&sed=non&accumsan=velit&felis=donec&ut=diam&at=neque&dolor=vestibulum&quis=eget&odio=vulputate&consequat=ut&varius=ultrices&integer=vel&ac=augue&leo=vestibulum&pellentesque=ante&ultrices=ipsum&mattis=primis&odio=in&donec=faucibus&vitae=orci&nisi=luctus&nam=et&ultrices=ultrices&libero=posuere&non=cubilia&mattis=curae&pulvinar=donec&nulla=pharetra,[],"[""Limited Edition""]","[""Limited Edition""]",[],1
3,Lotus Leaves,"Cras mi pede, malesuada in, imperdiet et, commodo vulputate, justo. In blandit ultrices enim. Lorem ipsum dolor sit amet, consectetuer adipiscing elit.

Proin interdum mauris non ligula pellentesque ultrices. Phasellus id sapien in sapien iaculis congue. Vivamus metus arcu, adipiscing molestie, hendrerit at, vulputate vitae, nisl.

Aenean lectus. Pellentesque eget nunc. Donec quis orci eget orci vehicula condimentum.",TRUE,Used,151.46,http://dell.com/mauris/ullamcorper/purus.json?ligula=quisque&vehicula=ut&consequat=erat&morbi=curabitur&a=gravida&ipsum=nisi&integer=at&a=nibh&nibh=in&in=hac&quis=habitasse&justo=platea&maecenas=dictumst&rhoncus=aliquam&aliquam=augue&lacus=quam&morbi=sollicitudin&quis=vitae&tortor=consectetuer&id=eget&nulla=rutrum&ultrices=at&aliquet=lorem&maecenas=integer&leo=tincidunt&odio=ante&condimentum=vel&id=ipsum&luctus=praesent&nec=blandit&molestie=lacinia&sed=erat,https://taobao.com/eget/eleifend/luctus/ultricies/eu/nibh.html?odio=fusce&in=posuere&hac=felis&habitasse=sed&platea=lacus&dictumst=morbi&maecenas=sem&ut=mauris&massa=laoreet&quis=ut&augue=rhoncus&luctus=aliquet&tincidunt=pulvinar&nulla=sed&mollis=nisl&molestie=nunc&lorem=rhoncus&quisque=dui,Realbuzz,Electronics,Home & Garden,210,285.53,4/26/2024,Male,Turquoise,XL,Teens,Cotton,Checkered,FALSE,5.55,54859357602321219606496448327727947427,https://skype.com/vel/accumsan/tellus/nisi/eu/orci.jpg?ante=at,[],"[""Limited Edition""]","[""Limited Edition""]",[],1
4,"Beef - Outside, Round",Fusce consequat. Nulla nisl. Nunc nisl.,TRUE,Used,906,https://people.com.cn/risus.jsp?risus=dolor&praesent=quis&lectus=odio&vestibulum=consequat&quam=varius&sapien=integer&varius=ac&ut=leo&blandit=pellentesque&non=ultrices&interdum=mattis&in=odio&ante=donec&vestibulum=vitae&ante=nisi&ipsum=nam&primis=ultrices&in=libero&faucibus=non&orci=mattis&luctus=pulvinar&et=nulla&ultrices=pede&posuere=ullamcorper&cubilia=augue&curae=a&duis=suscipit&faucibus=nulla&accumsan=elit&odio=ac&curabitur=nulla&convallis=sed&duis=vel&consequat=enim&dui=sit&nec=amet&nisi=nunc&volutpat=viverra&eleifend=dapibus&donec=nulla&ut=suscipit&dolor=ligula&morbi=in&vel=lacus&lectus=curabitur&in=at&quam=ipsum&fringilla=ac&rhoncus=tellus&mauris=semper&enim=interdum&leo=mauris&rhoncus=ullamcorper&sed=purus&vestibulum=sit&sit=amet&amet=nulla&cursus=quisque&id=arcu&turpis=libero&integer=rutrum&aliquet=ac&massa=lobortis&id=vel&lobortis=dapibus&convallis=at&tortor=diam&risus=nam&dapibus=tristique&augue=tortor,https://marketwatch.com/est/risus/auctor/sed/tristique/in/tempus.xml?mauris=nulla&eget=ultrices&massa=aliquet&tempor=maecenas&convallis=leo&nulla=odio&neque=condimentum&libero=id&convallis=luctus&eget=nec&eleifend=molestie&luctus=sed&ultricies=justo&eu=pellentesque&nibh=viverra&quisque=pede&id=ac&justo=diam&sit=cras&amet=pellentesque&sapien=volutpat&dignissim=dui&vestibulum=maecenas&vestibulum=tristique&ante=est&ipsum=et&primis=tempus&in=semper&faucibus=est&orci=quam&luctus=pharetra&et=magna&ultrices=ac&posuere=consequat&cubilia=metus&curae=sapien&nulla=ut&dapibus=nunc&dolor=vestibulum&vel=ante&est=ipsum&donec=primis&odio=in&justo=faucibus&sollicitudin=orci&ut=luctus&suscipit=et&a=ultrices&feugiat=posuere&et=cubilia&eros=curae&vestibulum=mauris&ac=viverra&est=diam&lacinia=vitae&nisi=quam&venenatis=suspendisse&tristique=potenti&fusce=nullam&congue=porttitor&diam=lacus&id=at&ornare=turpis&imperdiet=donec&sapien=posuere&urna=metus&pretium=vitae&nisl=ipsum&ut=aliquam&volutpat=non&sapien=mauris&arcu=morbi&sed=non&augue=lectus&aliquam=aliquam&erat=sit&volutpat=amet&in=diam&congue=in&etiam=magna&justo=bibendum,Meembee,Home & Garden,Electronics,153,973.09,05 04 2024,Female,Pink,XL,Adults,Polyester,Floral,FALSE,7.94,60999299902107522270564809839722862961,http://narod.ru/posuere/nonummy/integer/non/velit/donec.html?platea=in&dictumst=libero&morbi=ut&vestibulum=massa&velit=volutpat&id=convallis&pretium=morbi&iaculis=odio&diam=odio&erat=elementum&fermentum=eu&justo=interdum&nec=eu&condimentum=tincidunt&neque=in&sapien=leo&placerat=maecenas&ante=pulvinar&nulla=lobortis&justo=est&aliquam=phasellus&quis=sit&turpis=amet&eget=erat&elit=nulla&sodales=tempus&scelerisque=vivamus&mauris=in&sit=felis&amet=eu&eros=sapien&suspendisse=cursus&accumsan=vestibulum&tortor=proin&quis=eu&turpis=mi&sed=nulla&ante=ac&vivamus=enim&tortor=in&duis=tempor&mattis=turpis&egestas=nec&metus=euismod&aenean=scelerisque&fermentum=quam&donec=turpis&ut=adipiscing&mauris=lorem&eget=vitae&massa=mattis&tempor=nibh&convallis=ligula&nulla=nec&neque=sem&libero=duis&convallis=aliquam&eget=convallis&eleifend=nunc&luctus=proin&ultricies=at&eu=turpis&nibh=a&quisque=pede&id=posuere&justo=nonummy&sit=integer&amet=non,[],"[""Popular""]","[""Popular""]",[],1
5,Cod - Black Whole Fillet,"Pellentesque at nulla. Suspendisse potenti. Cras in purus eu magna vulputate luctus.

Cum sociis natoque penatibus et magnis dis parturient montes, nascetur ridiculus mus. Vivamus vestibulum sagittis sapien. Cum sociis natoque penatibus et magnis dis parturient montes, nascetur ridiculus mus.

Etiam vel augue. Vestibulum rutrum rutrum neque. Aenean auctor gravida sem.",FALSE,New,235.59,https://ehow.com/consequat/dui.jpg?nisl=auctor&nunc=gravida&rhoncus=sem&dui=praesent&vel=id&sem=massa&sed=id&sagittis=nisl&nam=venenatis&congue=lacinia&risus=aenean&semper=sit&porta=amet&volutpat=justo&quam=morbi&pede=ut&lobortis=odio&ligula=cras&sit=mi&amet=pede&eleifend=malesuada&pede=in&libero=imperdiet&quis=et&orci=commodo&nullam=vulputate&molestie=justo&nibh=in&in=blandit&lectus=ultrices&pellentesque=enim&at=lorem&nulla=ipsum&suspendisse=dolor&potenti=sit&cras=amet&in=consectetuer&purus=adipiscing&eu=elit&magna=proin&vulputate=interdum&luctus=mauris&cum=non&sociis=ligula&natoque=pellentesque&penatibus=ultrices&et=phasellus&magnis=id&dis=sapien&parturient=in&montes=sapien&nascetur=iaculis&ridiculus=congue&mus=vivamus&vivamus=metus&vestibulum=arcu&sagittis=adipiscing&sapien=molestie&cum=hendrerit&sociis=at&natoque=vulputate&penatibus=vitae&et=nisl&magnis=aenean&dis=lectus&parturient=pellentesque&montes=eget&nascetur=nunc&ridiculus=donec&mus=quis&etiam=orci&vel=eget&augue=orci&vestibulum=vehicula&rutrum=condimentum&rutrum=curabitur&neque=in&aenean=libero&auctor=ut&gravida=massa&sem=volutpat&praesent=convallis&id=morbi&massa=odio&id=odio&nisl=elementum&venenatis=eu&lacinia=interdum&aenean=eu&sit=tincidunt&amet=in&justo=leo&morbi=maecenas&ut=pulvinar&odio=lobortis&cras=est&mi=phasellus&pede=sit&malesuada=amet,http://buzzfeed.com/orci.html?eros=quam&viverra=a&eget=odio&congue=in&eget=hac,Divanoodle,Electronics,Home & Garden,683,160.27,8/22/2024,Female,Indigo,Medium,Teens,Cotton,Striped,FALSE,9.54,96441768977421261902658157456016640713,http://cornell.edu/gravida/nisi/at/nibh/in.html?volutpat=eu&sapien=nibh&arcu=quisque&sed=id&augue=justo&aliquam=sit&erat=amet&volutpat=sapien&in=dignissim&congue=vestibulum&etiam=vestibulum&justo=ante&etiam=ipsum&pretium=primis&iaculis=in&justo=faucibus&in=orci&hac=luctus&habitasse=et&platea=ultrices&dictumst=posuere&etiam=cubilia&faucibus=curae&cursus=nulla&urna=dapibus&ut=dolor&tellus=vel&nulla=est&ut=donec&erat=odio&id=justo&mauris=sollicitudin&vulputate=ut&elementum=suscipit&nullam=a&varius=feugiat&nulla=et&facilisi=eros&cras=vestibulum&non=ac&velit=est&nec=lacinia&nisi=nisi&vulputate=venenatis&nonummy=tristique&maecenas=fusce&tincidunt=congue&lacus=diam&at=id&velit=ornare&vivamus=imperdiet&vel=sapien&nulla=urna&eget=pretium&eros=nisl&elementum=ut&pellentesque=volutpat&quisque=sapien&porta=arcu&volutpat=sed&erat=augue&quisque=aliquam&erat=erat&eros=volutpat&viverra=in&eget=congue&congue=etiam&eget=justo&semper=etiam&rutrum=pretium&nulla=iaculis&nunc=justo&purus=in&phasellus=hac&in=habitasse&felis=platea&donec=dictumst&semper=etiam&sapien=faucibus&a=cursus&libero=urna&nam=ut&dui=tellus&proin=nulla&leo=ut&odio=erat&porttitor=id,[],"[""Discount""]","[""Discount""]",[],1
6,Bar Nature Valley,"Duis aliquam convallis nunc. Proin at turpis a pede posuere nonummy. Integer non velit.

Donec diam neque, vestibulum eget, vulputate ut, ultrices vel, augue. Vestibulum ante ipsum primis in faucibus orci luctus et ultrices posuere cubilia Curae; Donec pharetra, magna vestibulum aliquet ultrices, erat tortor sollicitudin mi, sit amet lobortis sapien sapien non mi. Integer ac neque.

Duis bibendum. Morbi non quam nec dui luctus rutrum. Nulla tellus.",TRUE,Refurbished,446.85,http://sourceforge.net/rhoncus/mauris/enim/leo.js?ligula=mauris&nec=laoreet&sem=ut&duis=rhoncus&aliquam=aliquet&convallis=pulvinar&nunc=sed&proin=nisl&at=nunc&turpis=rhoncus&a=dui&pede=vel&posuere=sem&nonummy=sed&integer=sagittis&non=nam&velit=congue&donec=risus&diam=semper&neque=porta&vestibulum=volutpat&eget=quam&vulputate=pede&ut=lobortis&ultrices=ligula&vel=sit&augue=amet&vestibulum=eleifend&ante=pede&ipsum=libero&primis=quis&in=orci&faucibus=nullam&orci=molestie&luctus=nibh&et=in&ultrices=lectus&posuere=pellentesque&cubilia=at&curae=nulla&donec=suspendisse&pharetra=potenti&magna=cras&vestibulum=in&aliquet=purus&ultrices=eu&erat=magna&tortor=vulputate&sollicitudin=luctus&mi=cum&sit=sociis&amet=natoque&lobortis=penatibus&sapien=et&sapien=magnis&non=dis&mi=parturient&integer=montes&ac=nascetur&neque=ridiculus&duis=mus&bibendum=vivamus&morbi=vestibulum&non=sagittis&quam=sapien&nec=cum&dui=sociis&luctus=natoque&rutrum=penatibus&nulla=et&tellus=magnis&in=dis&sagittis=parturient&dui=montes&vel=nascetur&nisl=ridiculus,https://google.it/amet/eros/suspendisse/accumsan.html?cras=morbi&mi=quis,Nlounge,Clothing,Apparel,213,312.84,12/21/2024,Male,Blue,Large,Teens,Polyester,Checkered,TRUE,2.44,93221024045310762668676378629129031946,https://dmoz.org/non/pretium/quis/lectus.jpg?magna=vel&vulputate=pede&luctus=morbi&cum=porttitor&sociis=lorem&natoque=id&penatibus=ligula&et=suspendisse&magnis=ornare&dis=consequat&parturient=lectus&montes=in&nascetur=est&ridiculus=risus&mus=auctor&vivamus=sed&vestibulum=tristique&sagittis=in&sapien=tempus&cum=sit&sociis=amet&natoque=sem,[],"[""Limited Edition""]","[""Limited Edition""]",[],1
7,"Onions - Dried, Chopped",Duis consequat dui nec nisi volutpat eleifend. Donec ut dolor. Morbi vel lectus in quam fringilla rhoncus.,TRUE,Refurbished,223.64,https://answers.com/at/diam/nam/tristique/tortor.html?cras=primis&mi=in&pede=faucibus&malesuada=orci&in=luctus&imperdiet=et&et=ultrices&commodo=posuere&vulputate=cubilia&justo=curae&in=mauris&blandit=viverra&ultrices=diam&enim=vitae&lorem=quam&ipsum=suspendisse&dolor=potenti&sit=nullam&amet=porttitor&consectetuer=lacus&adipiscing=at&elit=turpis&proin=donec&interdum=posuere&mauris=metus&non=vitae&ligula=ipsum&pellentesque=aliquam&ultrices=non&phasellus=mauris&id=morbi&sapien=non&in=lectus&sapien=aliquam&iaculis=sit&congue=amet&vivamus=diam&metus=in&arcu=magna&adipiscing=bibendum&molestie=imperdiet&hendrerit=nullam&at=orci&vulputate=pede&vitae=venenatis&nisl=non&aenean=sodales&lectus=sed&pellentesque=tincidunt&eget=eu&nunc=felis&donec=fusce&quis=posuere&orci=felis&eget=sed&orci=lacus&vehicula=morbi&condimentum=sem&curabitur=mauris&in=laoreet&libero=ut&ut=rhoncus&massa=aliquet&volutpat=pulvinar&convallis=sed&morbi=nisl&odio=nunc&odio=rhoncus&elementum=dui&eu=vel&interdum=sem&eu=sed&tincidunt=sagittis&in=nam&leo=congue&maecenas=risus&pulvinar=semper&lobortis=porta&est=volutpat&phasellus=quam&sit=pede&amet=lobortis&erat=ligula&nulla=sit&tempus=amet&vivamus=eleifend&in=pede&felis=libero&eu=quis&sapien=orci&cursus=nullam,http://jugem.jp/nisi/venenatis/tristique/fusce/congue/diam/id.png?vel=in&accumsan=quis&tellus=justo&nisi=maecenas&eu=rhoncus&orci=aliquam&mauris=lacus&lacinia=morbi&sapien=quis&quis=tortor&libero=id&nullam=nulla&sit=ultrices&amet=aliquet&turpis=maecenas&elementum=leo&ligula=odio&vehicula=condimentum&consequat=id&morbi=luctus&a=nec&ipsum=molestie&integer=sed&a=justo&nibh=pellentesque&in=viverra&quis=pede&justo=ac&maecenas=diam&rhoncus=cras&aliquam=pellentesque&lacus=volutpat&morbi=dui&quis=maecenas&tortor=tristique&id=est&nulla=et&ultrices=tempus&aliquet=semper&maecenas=est&leo=quam,Eare,Clothing,Home & Garden,956,806.45,07 03 2024,Female,Turquoise,XXL,Elderly,Cotton,Striped,FALSE,2.01,38175043829522766155533858731402805203,https://goo.ne.jp/quam.js?lorem=condimentum&vitae=neque&mattis=sapien&nibh=placerat&ligula=ante&nec=nulla&sem=justo&duis=aliquam&aliquam=quis&convallis=turpis&nunc=eget&proin=elit&at=sodales&turpis=scelerisque&a=mauris&pede=sit&posuere=amet&nonummy=eros&integer=suspendisse&non=accumsan&velit=tortor&donec=quis&diam=turpis&neque=sed&vestibulum=ante&eget=vivamus&vulputate=tortor&ut=duis&ultrices=mattis&vel=egestas&augue=metus&vestibulum=aenean&ante=fermentum&ipsum=donec&primis=ut&in=mauris&faucibus=eget&orci=massa&luctus=tempor&et=convallis&ultrices=nulla&posuere=neque&cubilia=libero&curae=convallis&donec=eget&pharetra=eleifend&magna=luctus&vestibulum=ultricies&aliquet=eu&ultrices=nibh&erat=quisque&tortor=id&sollicitudin=justo&mi=sit&sit=amet&amet=sapien&lobortis=dignissim&sapien=vestibulum&sapien=vestibulum&non=ante&mi=ipsum&integer=primis&ac=in&neque=faucibus&duis=orci&bibendum=luctus&morbi=et&non=ultrices&quam=posuere&nec=cubilia&dui=curae&luctus=nulla&rutrum=dapibus,[],"[""Popular""]","[""Popular""]",[],1
8,"Bar Mix - Pina Colada, 355 Ml","Morbi porttitor lorem id ligula. Suspendisse ornare consequat lectus. In est risus, auctor sed, tristique in, tempus sit amet, sem.

Fusce consequat. Nulla nisl. Nunc nisl.",FALSE,Used,217.88,http://ucoz.com/nec.png?ipsum=integer&primis=a&in=nibh&faucibus=in&orci=quis&luctus=justo&et=maecenas&ultrices=rhoncus&posuere=aliquam&cubilia=lacus&curae=morbi&duis=quis&faucibus=tortor&accumsan=id&odio=nulla&curabitur=ultrices&convallis=aliquet&duis=maecenas&consequat=leo&dui=odio&nec=condimentum&nisi=id&volutpat=luctus&eleifend=nec&donec=molestie&ut=sed&dolor=justo&morbi=pellentesque&vel=viverra&lectus=pede&in=ac&quam=diam&fringilla=cras&rhoncus=pellentesque&mauris=volutpat&enim=dui&leo=maecenas&rhoncus=tristique&sed=est&vestibulum=et&sit=tempus&amet=semper&cursus=est&id=quam&turpis=pharetra&integer=magna&aliquet=ac&massa=consequat&id=metus&lobortis=sapien&convallis=ut&tortor=nunc&risus=vestibulum&dapibus=ante&augue=ipsum&vel=primis&accumsan=in&tellus=faucibus&nisi=orci&eu=luctus&orci=et&mauris=ultrices&lacinia=posuere&sapien=cubilia&quis=curae&libero=mauris&nullam=viverra&sit=diam&amet=vitae&turpis=quam&elementum=suspendisse&ligula=potenti&vehicula=nullam&consequat=porttitor&morbi=lacus&a=at&ipsum=turpis&integer=donec&a=posuere&nibh=metus&in=vitae&quis=ipsum&justo=aliquam&maecenas=non,https://quantcast.com/mus/etiam/vel.aspx?tristique=nullam&est=orci&et=pede&tempus=venenatis&semper=non&est=sodales&quam=sed&pharetra=tincidunt&magna=eu&ac=felis&consequat=fusce&metus=posuere&sapien=felis&ut=sed&nunc=lacus&vestibulum=morbi&ante=sem&ipsum=mauris&primis=laoreet&in=ut&faucibus=rhoncus&orci=aliquet&luctus=pulvinar&et=sed&ultrices=nisl&posuere=nunc&cubilia=rhoncus&curae=dui&mauris=vel&viverra=sem&diam=sed&vitae=sagittis&quam=nam&suspendisse=congue&potenti=risus&nullam=semper&porttitor=porta&lacus=volutpat&at=quam&turpis=pede&donec=lobortis&posuere=ligula&metus=sit&vitae=amet&ipsum=eleifend&aliquam=pede&non=libero&mauris=quis&morbi=orci&non=nullam&lectus=molestie&aliquam=nibh&sit=in&amet=lectus&diam=pellentesque&in=at&magna=nulla&bibendum=suspendisse&imperdiet=potenti&nullam=cras&orci=in&pede=purus&venenatis=eu&non=magna&sodales=vulputate&sed=luctus&tincidunt=cum&eu=sociis&felis=natoque&fusce=penatibus&posuere=et&felis=magnis&sed=dis&lacus=parturient&morbi=montes&sem=nascetur&mauris=ridiculus&laoreet=mus&ut=vivamus&rhoncus=vestibulum&aliquet=sagittis&pulvinar=sapien&sed=cum&nisl=sociis&nunc=natoque&rhoncus=penatibus&dui=et&vel=magnis&sem=dis&sed=parturient&sagittis=montes&nam=nascetur&congue=ridiculus&risus=mus&semper=etiam&porta=vel&volutpat=augue,Wordtune,Home & Garden,Apparel,701,446.57,7/15/2024,Female,Indigo,Small,Adults,Polyester,Checkered,TRUE,3.66,67978403912504979600212572503684179573,http://tamu.edu/mauris/enim/leo/rhoncus.jsp?justo=dictumst&morbi=maecenas&ut=ut&odio=massa&cras=quis&mi=augue&pede=luctus&malesuada=tincidunt&in=nulla&imperdiet=mollis&et=molestie&commodo=lorem&vulputate=quisque&justo=ut&in=erat&blandit=curabitur&ultrices=gravida&enim=nisi&lorem=at&ipsum=nibh&dolor=in&sit=hac&amet=habitasse&consectetuer=platea&adipiscing=dictumst&elit=aliquam&proin=augue&interdum=quam&mauris=sollicitudin&non=vitae,[],"[""Discount""]","[""Discount""]",[],1
9,Pepper - Yellow Bell,Fusce consequat. Nulla nisl. Nunc nisl.,FALSE,Used,38.03,https://amazon.de/velit/vivamus/vel/nulla.json?tempus=massa&sit=quis,https://naver.com/odio/donec/vitae.jsp?eu=fusce&est=lacus&congue=purus&elementum=aliquet&in=at&hac=feugiat&habitasse=non&platea=pretium&dictumst=quis&morbi=lectus&vestibulum=suspendisse&velit=potenti&id=in&pretium=eleifend&iaculis=quam&diam=a&erat=odio&fermentum=in&justo=hac&nec=habitasse&condimentum=platea&neque=dictumst&sapien=maecenas&placerat=ut&ante=massa&nulla=quis&justo=augue&aliquam=luctus&quis=tincidunt&turpis=nulla&eget=mollis&elit=molestie&sodales=lorem&scelerisque=quisque&mauris=ut&sit=erat&amet=curabitur&eros=gravida&suspendisse=nisi&accumsan=at&tortor=nibh&quis=in&turpis=hac&sed=habitasse&ante=platea&vivamus=dictumst&tortor=aliquam&duis=augue&mattis=quam&egestas=sollicitudin&metus=vitae&aenean=consectetuer&fermentum=eget&donec=rutrum&ut=at&mauris=lorem&eget=integer&massa=tincidunt&tempor=ante&convallis=vel&nulla=ipsum&neque=praesent&libero=blandit&convallis=lacinia&eget=erat&eleifend=vestibulum&luctus=sed&ultricies=magna&eu=at&nibh=nunc&quisque=commodo&id=placerat&justo=praesent&sit=blandit&amet=nam&sapien=nulla&dignissim=integer&vestibulum=pede&vestibulum=justo,Devpoint,Electronics,Home & Garden,446,865.97,02 10 2025,Male,Blue,Small,Elderly,Cotton,Striped,TRUE,5.97,51450364426636300158586888828030147923,http://oakley.com/orci.json?justo=elementum&pellentesque=pellentesque&viverra=quisque&pede=porta&ac=volutpat&diam=erat&cras=quisque&pellentesque=erat&volutpat=eros&dui=viverra&maecenas=eget&tristique=congue&est=eget&et=semper&tempus=rutrum&semper=nulla&est=nunc&quam=purus&pharetra=phasellus&magna=in&ac=felis&consequat=donec&metus=semper&sapien=sapien&ut=a&nunc=libero&vestibulum=nam&ante=dui&ipsum=proin&primis=leo&in=odio&faucibus=porttitor&orci=id&luctus=consequat&et=in&ultrices=consequat&posuere=ut&cubilia=nulla&curae=sed,[],"[""Limited Edition""]","[""Limited Edition""]",[],1
10,"Wine - Red, Colio Cabernet","Aenean fermentum. Donec ut mauris eget massa tempor convallis. Nulla neque libero, convallis eget, eleifend luctus, ultricies eu, nibh.",TRUE,New,459.53,http://plala.or.jp/orci/eget/orci.jpg?scelerisque=suscipit&quam=a&turpis=feugiat&adipiscing=et&lorem=eros&vitae=vestibulum&mattis=ac&nibh=est&ligula=lacinia&nec=nisi&sem=venenatis&duis=tristique&aliquam=fusce&convallis=congue&nunc=diam&proin=id&at=ornare&turpis=imperdiet&a=sapien&pede=urna&posuere=pretium&nonummy=nisl&integer=ut&non=volutpat&velit=sapien&donec=arcu&diam=sed&neque=augue&vestibulum=aliquam&eget=erat&vulputate=volutpat&ut=in&ultrices=congue&vel=etiam&augue=justo&vestibulum=etiam&ante=pretium&ipsum=iaculis&primis=justo&in=in&faucibus=hac&orci=habitasse&luctus=platea&et=dictumst&ultrices=etiam&posuere=faucibus&cubilia=cursus,https://usgs.gov/enim/lorem/ipsum/dolor/sit/amet/consectetuer.aspx?sapien=integer&urna=a&pretium=nibh&nisl=in&ut=quis&volutpat=justo&sapien=maecenas&arcu=rhoncus&sed=aliquam&augue=lacus&aliquam=morbi&erat=quis&volutpat=tortor&in=id&congue=nulla&etiam=ultrices&justo=aliquet&etiam=maecenas&pretium=leo&iaculis=odio&justo=condimentum&in=id&hac=luctus&habitasse=nec&platea=molestie&dictumst=sed&etiam=justo&faucibus=pellentesque&cursus=viverra&urna=pede&ut=ac&tellus=diam&nulla=cras&ut=pellentesque&erat=volutpat&id=dui&mauris=maecenas&vulputate=tristique&elementum=est&nullam=et&varius=tempus&nulla=semper&facilisi=est&cras=quam&non=pharetra&velit=magna&nec=ac,Eire,Home & Garden,Home & Garden,826,205.42,05 10 2024,Female,Aquamarine,XXL,Kids,Cotton,Checkered,TRUE,7.16,21434876658976067606123014900689943921,http://wikipedia.org/non/velit/nec.json?a=luctus&feugiat=et&et=ultrices&eros=posuere&vestibulum=cubilia&ac=curae&est=duis&lacinia=faucibus&nisi=accumsan&venenatis=odio&tristique=curabitur&fusce=convallis&congue=duis&diam=consequat&id=dui&ornare=nec&imperdiet=nisi&sapien=volutpat&urna=eleifend&pretium=donec&nisl=ut&ut=dolor&volutpat=morbi&sapien=vel&arcu=lectus&sed=in&augue=quam&aliquam=fringilla&erat=rhoncus&volutpat=mauris&in=enim&congue=leo&etiam=rhoncus&justo=sed&etiam=vestibulum&pretium=sit&iaculis=amet&justo=cursus&in=id&hac=turpis&habitasse=integer&platea=aliquet&dictumst=massa&etiam=id&faucibus=lobortis&cursus=convallis&urna=tortor&ut=risus&tellus=dapibus&nulla=augue&ut=vel&erat=accumsan&id=tellus&mauris=nisi&vulputate=eu&elementum=orci&nullam=mauris&varius=lacinia&nulla=sapien&facilisi=quis&cras=libero&non=nullam&velit=sit&nec=amet&nisi=turpis&vulputate=elementum&nonummy=ligula&maecenas=vehicula&tincidunt=consequat&lacus=morbi&at=a&velit=ipsum&vivamus=integer&vel=a&nulla=nibh&eget=in&eros=quis&elementum=justo&pellentesque=maecenas&quisque=rhoncus&porta=aliquam&volutpat=lacus&erat=morbi&quisque=quis&erat=tortor&eros=id&viverra=nulla&eget=ultrices&congue=aliquet&eget=maecenas&semper=leo&rutrum=odio&nulla=condimentum,[],"[""Popular""]","[""Popular""]",[],1
11,Herb Du Provence - Primerba,"Nam ultrices, libero non mattis pulvinar, nulla pede ullamcorper augue, a suscipit nulla elit ac nulla. Sed vel enim sit amet nunc viverra dapibus. Nulla suscipit ligula in lacus.

Curabitur at ipsum ac tellus semper interdum. Mauris ullamcorper purus sit amet nulla. Quisque arcu libero, rutrum ac, lobortis vel, dapibus at, diam.",TRUE,New,430.65,https://nhs.uk/metus/arcu/adipiscing/molestie/hendrerit.xml?vivamus=tellus&tortor=nisi&duis=eu&mattis=orci&egestas=mauris&metus=lacinia&aenean=sapien&fermentum=quis&donec=libero&ut=nullam&mauris=sit&eget=amet&massa=turpis&tempor=elementum&convallis=ligula&nulla=vehicula&neque=consequat&libero=morbi&convallis=a&eget=ipsum&eleifend=integer&luctus=a&ultricies=nibh&eu=in&nibh=quis&quisque=justo&id=maecenas&justo=rhoncus&sit=aliquam&amet=lacus&sapien=morbi&dignissim=quis&vestibulum=tortor&vestibulum=id&ante=nulla,http://dailymail.co.uk/morbi/a/ipsum/integer.aspx?justo=nonummy&in=integer&hac=non&habitasse=velit&platea=donec&dictumst=diam&etiam=neque&faucibus=vestibulum&cursus=eget&urna=vulputate&ut=ut&tellus=ultrices&nulla=vel&ut=augue&erat=vestibulum&id=ante&mauris=ipsum&vulputate=primis&elementum=in&nullam=faucibus&varius=orci&nulla=luctus&facilisi=et&cras=ultrices&non=posuere&velit=cubilia&nec=curae&nisi=donec&vulputate=pharetra&nonummy=magna&maecenas=vestibulum&tincidunt=aliquet&lacus=ultrices&at=erat&velit=tortor&vivamus=sollicitudin&vel=mi&nulla=sit&eget=amet&eros=lobortis&elementum=sapien&pellentesque=sapien&quisque=non&porta=mi&volutpat=integer&erat=ac&quisque=neque&erat=duis&eros=bibendum&viverra=morbi&eget=non&congue=quam&eget=nec,Lazz,Clothing,Apparel,985,421.44,03 06 2024,Genderqueer,Teal,Large,Adults,Polyester,Checkered,TRUE,5.34,2859491706224836949203897269415962146,https://shop-pro.jp/vestibulum/ante/ipsum/primis/in/faucibus/orci.html?condimentum=vel&id=augue&luctus=vestibulum&nec=ante&molestie=ipsum&sed=primis&justo=in&pellentesque=faucibus&viverra=orci&pede=luctus&ac=et&diam=ultrices&cras=posuere&pellentesque=cubilia&volutpat=curae&dui=donec&maecenas=pharetra&tristique=magna&est=vestibulum&et=aliquet&tempus=ultrices&semper=erat&est=tortor&quam=sollicitudin&pharetra=mi&magna=sit&ac=amet&consequat=lobortis&metus=sapien,[],"[""Limited Edition""]","[""Limited Edition""]",[],1
12,Ice Cream - Life Savers,"Quisque porta volutpat erat. Quisque erat eros, viverra eget, congue eget, semper rutrum, nulla. Nunc purus.",FALSE,New,220.1,https://mtv.com/primis/in/faucibus/orci/luctus/et.png?fusce=sociis&posuere=natoque&felis=penatibus&sed=et&lacus=magnis&morbi=dis&sem=parturient&mauris=montes&laoreet=nascetur&ut=ridiculus&rhoncus=mus&aliquet=vivamus&pulvinar=vestibulum&sed=sagittis&nisl=sapien&nunc=cum&rhoncus=sociis&dui=natoque&vel=penatibus&sem=et&sed=magnis&sagittis=dis&nam=parturient&congue=montes&risus=nascetur&semper=ridiculus&porta=mus&volutpat=etiam&quam=vel&pede=augue&lobortis=vestibulum&ligula=rutrum&sit=rutrum&amet=neque&eleifend=aenean&pede=auctor&libero=gravida&quis=sem&orci=praesent&nullam=id&molestie=massa&nibh=id&in=nisl&lectus=venenatis&pellentesque=lacinia&at=aenean&nulla=sit&suspendisse=amet&potenti=justo&cras=morbi&in=ut&purus=odio&eu=cras&magna=mi&vulputate=pede&luctus=malesuada&cum=in&sociis=imperdiet&natoque=et&penatibus=commodo,https://nationalgeographic.com/odio.json?mattis=nullam&nibh=varius&ligula=nulla&nec=facilisi&sem=cras&duis=non&aliquam=velit&convallis=nec&nunc=nisi&proin=vulputate&at=nonummy&turpis=maecenas&a=tincidunt&pede=lacus&posuere=at&nonummy=velit&integer=vivamus&non=vel&velit=nulla&donec=eget&diam=eros&neque=elementum,Wordpedia,Home & Garden,Apparel,929,347.7,11/21/2024,Male,Puce,XL,Adults,Polyester,Checkered,TRUE,6.48,31273570716402561270722107802498051743,http://fema.gov/tristique/fusce.js?proin=consequat&eu=dui&mi=nec&nulla=nisi&ac=volutpat&enim=eleifend&in=donec&tempor=ut&turpis=dolor&nec=morbi&euismod=vel&scelerisque=lectus&quam=in&turpis=quam&adipiscing=fringilla&lorem=rhoncus&vitae=mauris&mattis=enim,[],"[""Limited Edition""]","[""Limited Edition""]",[],1
13,Gatorade - Cool Blue Raspberry,"Proin eu mi. Nulla ac enim. In tempor, turpis nec euismod scelerisque, quam turpis adipiscing lorem, vitae mattis nibh ligula nec sem.

Duis aliquam convallis nunc. Proin at turpis a pede posuere nonummy. Integer non velit.",TRUE,Used,10.88,https://unblog.fr/magna/bibendum/imperdiet/nullam/orci.html?cursus=id&urna=massa&ut=id&tellus=nisl&nulla=venenatis&ut=lacinia&erat=aenean&id=sit&mauris=amet&vulputate=justo&elementum=morbi&nullam=ut&varius=odio&nulla=cras&facilisi=mi&cras=pede&non=malesuada&velit=in&nec=imperdiet&nisi=et&vulputate=commodo&nonummy=vulputate&maecenas=justo&tincidunt=in&lacus=blandit&at=ultrices&velit=enim&vivamus=lorem&vel=ipsum&nulla=dolor&eget=sit&eros=amet&elementum=consectetuer&pellentesque=adipiscing&quisque=elit&porta=proin&volutpat=interdum&erat=mauris&quisque=non&erat=ligula&eros=pellentesque&viverra=ultrices&eget=phasellus&congue=id&eget=sapien&semper=in&rutrum=sapien&nulla=iaculis&nunc=congue&purus=vivamus&phasellus=metus&in=arcu&felis=adipiscing&donec=molestie&semper=hendrerit&sapien=at&a=vulputate&libero=vitae&nam=nisl&dui=aenean&proin=lectus&leo=pellentesque&odio=eget&porttitor=nunc&id=donec&consequat=quis&in=orci&consequat=eget&ut=orci&nulla=vehicula&sed=condimentum&accumsan=curabitur&felis=in&ut=libero&at=ut&dolor=massa&quis=volutpat,https://umn.edu/sem/mauris/laoreet.xml?et=non&eros=ligula&vestibulum=pellentesque&ac=ultrices&est=phasellus&lacinia=id&nisi=sapien&venenatis=in&tristique=sapien&fusce=iaculis&congue=congue&diam=vivamus&id=metus&ornare=arcu&imperdiet=adipiscing&sapien=molestie&urna=hendrerit&pretium=at&nisl=vulputate&ut=vitae&volutpat=nisl&sapien=aenean&arcu=lectus&sed=pellentesque&augue=eget&aliquam=nunc&erat=donec&volutpat=quis&in=orci&congue=eget&etiam=orci&justo=vehicula&etiam=condimentum&pretium=curabitur&iaculis=in&justo=libero&in=ut&hac=massa&habitasse=volutpat&platea=convallis&dictumst=morbi&etiam=odio&faucibus=odio&cursus=elementum&urna=eu&ut=interdum&tellus=eu&nulla=tincidunt&ut=in&erat=leo&id=maecenas&mauris=pulvinar&vulputate=lobortis&elementum=est&nullam=phasellus&varius=sit&nulla=amet&facilisi=erat&cras=nulla&non=tempus&velit=vivamus&nec=in&nisi=felis,Topdrive,Electronics,Home & Garden,135,219.35,9/24/2024,Female,Aquamarine,XL,Teens,Cotton,Floral,FALSE,5.25,5429196042527330900875598659668655255,https://oakley.com/id/massa/id/nisl/venenatis/lacinia.aspx?quis=consectetuer&augue=adipiscing&luctus=elit&tincidunt=proin&nulla=risus&mollis=praesent&molestie=lectus&lorem=vestibulum&quisque=quam&ut=sapien&erat=varius&curabitur=ut&gravida=blandit&nisi=non&at=interdum&nibh=in&in=ante&hac=vestibulum&habitasse=ante&platea=ipsum&dictumst=primis&aliquam=in&augue=faucibus&quam=orci&sollicitudin=luctus&vitae=et&consectetuer=ultrices&eget=posuere&rutrum=cubilia&at=curae&lorem=duis&integer=faucibus&tincidunt=accumsan&ante=odio&vel=curabitur&ipsum=convallis&praesent=duis&blandit=consequat&lacinia=dui&erat=nec&vestibulum=nisi&sed=volutpat&magna=eleifend&at=donec&nunc=ut&commodo=dolor&placerat=morbi&praesent=vel&blandit=lectus&nam=in&nulla=quam&integer=fringilla&pede=rhoncus&justo=mauris&lacinia=enim&eget=leo&tincidunt=rhoncus&eget=sed&tempus=vestibulum&vel=sit&pede=amet&morbi=cursus&porttitor=id&lorem=turpis&id=integer&ligula=aliquet&suspendisse=massa&ornare=id&consequat=lobortis&lectus=convallis&in=tortor&est=risus&risus=dapibus&auctor=augue&sed=vel&tristique=accumsan&in=tellus&tempus=nisi&sit=eu&amet=orci&sem=mauris&fusce=lacinia&consequat=sapien&nulla=quis&nisl=libero&nunc=nullam&nisl=sit&duis=amet&bibendum=turpis&felis=elementum&sed=ligula&interdum=vehicula&venenatis=consequat&turpis=morbi&enim=a&blandit=ipsum&mi=integer,[],"[""Discount""]","[""Discount""]",[],1
14,"Butter - Salted, Micro","Maecenas tristique, est et tempus semper, est quam pharetra magna, ac consequat metus sapien ut nunc. Vestibulum ante ipsum primis in faucibus orci luctus et ultrices posuere cubilia Curae; Mauris viverra diam vitae quam. Suspendisse potenti.

Nullam porttitor lacus at turpis. Donec posuere metus vitae ipsum. Aliquam non mauris.",TRUE,Used,309.19,https://sbwire.com/amet/diam.aspx?morbi=tortor&vel=sollicitudin&lectus=mi&in=sit&quam=amet&fringilla=lobortis&rhoncus=sapien&mauris=sapien&enim=non&leo=mi&rhoncus=integer&sed=ac&vestibulum=neque&sit=duis&amet=bibendum&cursus=morbi&id=non&turpis=quam&integer=nec&aliquet=dui&massa=luctus&id=rutrum&lobortis=nulla&convallis=tellus&tortor=in&risus=sagittis&dapibus=dui&augue=vel&vel=nisl&accumsan=duis&tellus=ac&nisi=nibh&eu=fusce&orci=lacus&mauris=purus&lacinia=aliquet&sapien=at&quis=feugiat&libero=non&nullam=pretium&sit=quis&amet=lectus&turpis=suspendisse&elementum=potenti&ligula=in&vehicula=eleifend&consequat=quam&morbi=a&a=odio&ipsum=in&integer=hac&a=habitasse&nibh=platea&in=dictumst&quis=maecenas&justo=ut&maecenas=massa&rhoncus=quis&aliquam=augue&lacus=luctus&morbi=tincidunt&quis=nulla&tortor=mollis&id=molestie&nulla=lorem&ultrices=quisque&aliquet=ut&maecenas=erat&leo=curabitur&odio=gravida&condimentum=nisi&id=at&luctus=nibh&nec=in&molestie=hac&sed=habitasse,http://ted.com/vel/augue/vestibulum/ante.html?et=cras&commodo=pellentesque&vulputate=volutpat&justo=dui&in=maecenas&blandit=tristique&ultrices=est&enim=et&lorem=tempus&ipsum=semper&dolor=est&sit=quam&amet=pharetra&consectetuer=magna&adipiscing=ac&elit=consequat&proin=metus&interdum=sapien&mauris=ut&non=nunc&ligula=vestibulum&pellentesque=ante&ultrices=ipsum&phasellus=primis&id=in&sapien=faucibus&in=orci&sapien=luctus&iaculis=et&congue=ultrices&vivamus=posuere&metus=cubilia&arcu=curae&adipiscing=mauris&molestie=viverra&hendrerit=diam&at=vitae&vulputate=quam&vitae=suspendisse&nisl=potenti&aenean=nullam&lectus=porttitor&pellentesque=lacus&eget=at&nunc=turpis&donec=donec&quis=posuere&orci=metus&eget=vitae&orci=ipsum&vehicula=aliquam&condimentum=non&curabitur=mauris&in=morbi&libero=non&ut=lectus&massa=aliquam&volutpat=sit&convallis=amet&morbi=diam&odio=in&odio=magna&elementum=bibendum&eu=imperdiet&interdum=nullam&eu=orci&tincidunt=pede&in=venenatis&leo=non&maecenas=sodales&pulvinar=sed&lobortis=tincidunt&est=eu&phasellus=felis&sit=fusce&amet=posuere&erat=felis&nulla=sed&tempus=lacus&vivamus=morbi&in=sem&felis=mauris&eu=laoreet&sapien=ut&cursus=rhoncus&vestibulum=aliquet&proin=pulvinar&eu=sed&mi=nisl&nulla=nunc&ac=rhoncus&enim=dui&in=vel&tempor=sem&turpis=sed&nec=sagittis&euismod=nam&scelerisque=congue&quam=risus&turpis=semper,Gigashots,Clothing,Apparel,253,210.93,08 06 2024,Male,Indigo,Small,Elderly,Leather,Striped,TRUE,1.68,41995061670697855705801287966863651559,https://wikia.com/et/commodo/vulputate/justo/in.jsp?nibh=quisque&ligula=porta&nec=volutpat&sem=erat&duis=quisque&aliquam=erat&convallis=eros&nunc=viverra&proin=eget,[],"[""Limited Edition""]","[""Limited Edition""]",[],1
15,Oyster - In Shell,Nulla ut erat id mauris vulputate elementum. Nullam varius. Nulla facilisi.,FALSE,Refurbished,896.09,https://constantcontact.com/cubilia/curae.html?semper=luctus&est=et&quam=ultrices&pharetra=posuere&magna=cubilia&ac=curae&consequat=duis&metus=faucibus&sapien=accumsan&ut=odio&nunc=curabitur&vestibulum=convallis&ante=duis&ipsum=consequat&primis=dui&in=nec&faucibus=nisi&orci=volutpat&luctus=eleifend&et=donec&ultrices=ut&posuere=dolor&cubilia=morbi&curae=vel&mauris=lectus,http://woothemes.com/nunc/proin/at.js?donec=habitasse&ut=platea&mauris=dictumst&eget=etiam&massa=faucibus&tempor=cursus&convallis=urna&nulla=ut&neque=tellus&libero=nulla&convallis=ut&eget=erat&eleifend=id&luctus=mauris&ultricies=vulputate,Dynava,Home & Garden,Home & Garden,100,859.4,1/31/2025,Female,Fuscia,Small,Adults,Polyester,Striped,FALSE,7.84,54051809374187445008002667024918277248,http://4shared.com/tristique/in.jpg?luctus=convallis&et=morbi&ultrices=odio&posuere=odio&cubilia=elementum&curae=eu&nulla=interdum&dapibus=eu&dolor=tincidunt&vel=in&est=leo&donec=maecenas&odio=pulvinar&justo=lobortis&sollicitudin=est&ut=phasellus&suscipit=sit&a=amet&feugiat=erat&et=nulla&eros=tempus&vestibulum=vivamus&ac=in&est=felis&lacinia=eu&nisi=sapien&venenatis=cursus&tristique=vestibulum&fusce=proin&congue=eu&diam=mi&id=nulla&ornare=ac&imperdiet=enim&sapien=in&urna=tempor&pretium=turpis&nisl=nec&ut=euismod&volutpat=scelerisque&sapien=quam&arcu=turpis&sed=adipiscing&augue=lorem&aliquam=vitae&erat=mattis&volutpat=nibh,[],"[""Popular""]","[""Popular""]",[],1
